feature,mutual_information,rf_importance,l1_abs_coef,mi_norm,rf_norm,l1_norm,consensus_score,selected_by_l1
sensor_11_mean_5,0.29946287715403286,0.08853023497178424,16.48260098528107,0.8191482603329423,1.0,0.3585487071630209,0.7258989891653211,True
sensor_7_mean_20,0.2567237087862866,0.002294578109767405,45.970326084001044,0.7022398950983815,0.025918581493641325,1.0,0.5760528255306743,True
sensor_17_ewm_10,0.2834794536764933,0.07117747727370195,0.044765608603218175,0.7754273368574867,0.8039906061063451,0.000973793584179031,0.5267972455160036,True
sensor_4_mean_5,0.29502228555048315,0.04075919571688692,6.384609665321473,0.8070015030404656,0.46039859410604095,0.13888545523159765,0.4687618507927014,True
sensor_11_min_5,0.2887996322926578,0.014625774139185574,19.448245614356946,0.7899801091393415,0.16520654377396607,0.42306085840721236,0.45941583710684,True
sensor_17_mean_10,0.28664524878226016,0.04239905202462253,4.196330542063632,0.7840870264260391,0.47892171570690706,0.09128346260576281,0.451430734912903,True
sensor_11_ewm_10,0.2944133597116738,0.03670308847978984,6.173320861810211,0.8053358523719325,0.41458252642713084,0.13428925543251038,0.4514025447438579,True
sensor_3_mean_10,0.28633211377984047,0.02814546832695669,10.958333490947533,0.7832304795481116,0.31791927736244036,0.23837841547879163,0.44650939079644786,True
sensor_8,0.14980258130088808,0.0007456597435738929,41.12109710005325,0.4097687333808951,0.008422656325396002,0.8945139311153274,0.4375684402738728,True
sensor_2_mean_10,0.2912712143529419,0.01698837771320961,14.288460871677048,0.7967408541244717,0.1918935120710346,0.31081921945839386,0.43315119521796674,True
sensor_4_ewm_10,0.2926113055406534,0.04249269208362377,0.3249863761112646,0.8004065283994729,0.47997943411272725,0.0070694816372940394,0.42915181471649805,True
sensor_3_mean_20,0.28150043754637566,0.04236810257986182,1.2982021200656002,0.770013952615797,0.4785721239005533,0.028240002424464217,0.42560869298027154,True
sensor_12_lag_3,0.22391929649885411,0.000583296393556002,28.264029956248525,0.6125069789123359,0.006588668760925647,0.6148320528464817,0.41130923350658105,True
sensor_4_max_10,0.3655783594441333,0.02038323396532305,0.0,1.0,0.2302403689747289,0.0,0.4100801229915763,False
sensor_15_mean_10,0.2908768463770679,0.030531235106125997,3.119163513715843,0.7956621032474405,0.3448678874043055,0.06785167257713665,0.4027938877429609,True
sensor_11_mean_10,0.29621306936580183,0.03197335009795158,1.472710168726044,0.8102587631724091,0.36115740693721093,0.032036104465193,0.4011507581916043,True
sensor_4_max_5,0.3506722514134363,0.007089826637401024,7.439270855061239,0.9592259562262877,0.08008367581607172,0.16182767208280285,0.4003791013750541,True
sensor_15_ewm_10,0.29559976285292233,0.03038649026537781,0.942399080929389,0.8085811296445053,0.34323291105081094,0.020500160890905016,0.39077140052874043,True
sensor_21_max_10,0.3547881965747325,0.0012427356171988378,7.336137553586221,0.9704846783441793,0.014037414648169794,0.15958419655716563,0.38136876318317153,True
sensor_21_max_5,0.3355686008785874,0.001280799274413428,8.028038131549005,0.9179115563317913,0.01446736558218371,0.1746352226625381,0.36900471485883773,True
sensor_21_mean_10,0.2905604613903967,0.005791856124426225,11.106495790307862,0.7947966663896564,0.06542235120320382,0.24160141413861394,0.3672734772438247,True
sensor_15_min_10,0.33053288098136147,0.0021181856991345028,7.701502766593667,0.9041368900608369,0.02392612760837692,0.16753204561831475,0.36519835442917614,True
sensor_17_mean_5,0.278381437434021,0.02437551513797707,1.1687864620136972,0.7614822656825301,0.27533548449008266,0.025424802510166825,0.3540808508942599,True
sensor_15_mean_5,0.2863347040901456,0.024247777115515984,0.0,0.783237565061349,0.27389260994556347,0.0,0.35237672500230416,False
sensor_21_ewm_10,0.28854715977378786,0.02344201036908478,0.0,0.7892894979137376,0.26479101039951,0.0,0.3513601694377492,False
sensor_2_mean_20,0.28401358923383224,0.0018122670208157211,11.529946947174686,0.7768884068129159,0.020470599918698,0.25081281620900725,0.34939060764687374,True
sensor_4_mean_10,0.2931895771905988,0.016004114208737586,2.4075832178425327,0.8019883278550661,0.18077568882357886,0.05237255035875064,0.3450455223457985,True
sensor_4_min_10,0.35446054235319824,0.005800420985993117,0.0,0.9695884157151975,0.06551909624821156,0.0,0.34503583732113635,False
sensor_4_min_5,0.34113129316917434,0.008626943050252214,0.0,0.9331276984990823,0.09744629112304666,0.0,0.3435246632073763,False
sensor_11_max_5,0.28777760905163596,0.02136312106581246,0.0,0.7871844752769436,0.24130875821826486,0.0,0.3428310778317361,False
sensor_21_min_10,0.3564974706921038,0.002347364040987662,1.0594436693898936,0.9751602125305308,0.026514828993007847,0.023046250910945996,0.3415737641448282,True
sensor_2_lag_3,0.17718287321513415,0.0007119956935322418,24.400359959130505,0.4846645558685231,0.008042401488702298,0.5307850093241455,0.3411639888937903,True
sensor_15_max_10,0.32889230580747575,0.003901769913600475,3.664428808023098,0.8996492743923924,0.04407273870722269,0.07971291744433419,0.3411449768479831,True
sensor_11_max_10,0.29071830241044183,0.01936107058062735,0.0,0.7952284234014366,0.21869444474871189,0.0,0.3379742893833828,False
sensor_11,0.2673568081023032,0.009786270404208024,7.783546985174582,0.7313255864182517,0.11054156139229766,0.1693167668846159,0.3370613048983884,True
sensor_3_min_10,0.331381548192099,0.0026656125949876893,3.3852577220204294,0.9064583272816503,0.030109629730873926,0.07364006328418439,0.3367360067655696,True
sensor_7_ewm_10,0.27739840514215164,0.0012604596694642128,10.479783809578004,0.7587932873377394,0.014237618028077504,0.22796844621959864,0.3336664505284719,True
sensor_4_min_20,0.3495406571053903,0.002856025773861989,0.24849728421416828,0.956130602579626,0.03226045626979577,0.00540560194765841,0.3312655535990267,True
sensor_20_mean_10,0.2814572456093254,0.0061169565294437,7.089646527422325,0.7698958057508788,0.0690945475451777,0.15422223706804897,0.3310708634547018,True
sensor_12_mean_20,0.2554226815519296,0.001978207895705632,12.418280243752621,0.6986810760360738,0.02234499768735634,0.27013687527603875,0.33038764966648965,True
sensor_21_mean_5,0.28394018486407324,0.018890279471712467,0.0,0.7766876171111661,0.21337658798412826,0.0,0.33002140169843147,False
sensor_3_max_20,0.3565876958285211,0.001292055084239012,0.0,0.9754070136173196,0.014594506437837957,0.0,0.33000050668505254,False
sensor_21_max_20,0.35405204624733544,0.0018138496435369806,0.0,0.9684710188690496,0.020488476553971405,0.0,0.329653165141007,False
sensor_12_mean_5,0.27021266135257105,0.006321975645186761,7.871033970546658,0.739137463616372,0.07141035655447722,0.17121988554451428,0.32725590190512116,True
sensor_20_mean_20,0.2681726148061936,0.0017965157306085021,10.186431870360826,0.7335571372822877,0.02029268002260556,0.22158711364690512,0.32514564365059945,True
sensor_3_max_10,0.34628540803641683,0.0018572844832359776,0.0,0.9472262213850632,0.020979098088104237,0.0,0.3227351064910558,False
sensor_20_mean_5,0.2764537399801026,0.006276430685093247,6.4836328619892525,0.7562092581203497,0.07089589999499751,0.14103952297710018,0.32271489369748246,True
sensor_11_min_10,0.2878213842457118,0.0013937241151323223,7.287220219648513,0.7873042175782724,0.015742916706100698,0.15852008981473528,0.32052240803303617,True
sensor_15_max_20,0.3401896814539944,0.002721500952110074,0.0,0.9305520216548302,0.030740920917892656,0.0,0.32043098085757427,False
sensor_17_mean_20,0.2771531795719804,0.006500850413343999,5.653801426387485,0.7581224993552557,0.07343085009788923,0.12298806443218085,0.31818047129510857,True
sensor_2_mean_5,0.28366814379689465,0.015613030519261953,0.0,0.7759434782414796,0.17635817327535652,0.0,0.3174338838389454,False
sensor_3_ewm_10,0.2882321582475067,0.013909095069357946,0.0,0.7884278453619833,0.15711124085224623,0.0,0.31517969540474317,False
sensor_15_mean_20,0.28242894740858815,0.015210853947757933,0.0,0.7725537907605501,0.17181535723480046,0.0,0.3147897159984502,False
sensor_21_min_5,0.3339367012548182,0.001685334966071263,0.0,0.9134476716908883,0.019036829243799045,0.0,0.31082816697822907,False
sensor_12_min_5,0.28001060739779104,0.0019447622447384967,6.343147095766747,0.7659386836342033,0.021967209794013516,0.1379835131944896,0.3086298022075688,True
sensor_3_min_20,0.33177654163582826,0.0015377327275556314,0.0,0.9075387890582441,0.017369576936576835,0.0,0.3083027886649403,False
sensor_15_min_20,0.322101325346589,0.002598713871341476,0.0,0.8810732829928671,0.02935397011167677,0.0,0.303475751034848,False
sensor_2_ewm_10,0.29044744714620574,0.007622522938469949,1.2379800069408147,0.7944875281672441,0.08610078738522889,0.026929980976829884,0.3025060988431009,True
sensor_7_lag_3,0.2107663629161658,0.00047079026467326395,14.600346159212041,0.5765285539238122,0.005317847228388257,0.3176037109794044,0.29981670404386823,True
sensor_4_mean_20,0.27615105682359564,0.0014794697139470917,5.291583547540375,0.7553813011346923,0.01671146263667569,0.1151086798442788,0.2957338145385489,True
sensor_2_max_10,0.26308635650430356,0.0025685724804530396,6.242059290772344,0.7196442286800833,0.02901350573927289,0.1357845336873683,0.2948140893689081,True
sensor_11_lag_3,0.24977545864324857,0.0005151528204167511,8.960903686446455,0.6832337095199931,0.005818947849635067,0.1949279992069732,0.2946602188588671,True
sensor_7_mean_10,0.27234761913017036,0.001122368266765774,5.707886033501024,0.7449774093419492,0.012677796089928913,0.12416457571066758,0.2939399270475152,True
sensor_15_max_5,0.30617454751597095,0.0022188381485511886,0.8331512683289247,0.8375073075482733,0.02506305500328065,0.01812367540762093,0.29356467931972496,True
sensor_15_min_5,0.31298159924481017,0.0016344788759216355,0.0,0.8561272601603191,0.018462380410969943,0.0,0.2915298801904297,False
sensor_2,0.19097956583877318,0.0006267689163988081,15.65431202191215,0.5224039139766372,0.007079715947874392,0.34053080226812416,0.2900048107308786,True
sensor_3_min_5,0.3000038379081913,0.001963676881074765,1.1098437292222767,0.8206279998749134,0.022180861506813067,0.024142611631561457,0.28898382433776265,True
sensor_3_max_5,0.31004355442576004,0.0013548187415333187,0.0,0.8480905568294177,0.01530345810067168,0.0,0.28779800497669644,False
sensor_7_mean_5,0.2715380100028837,0.010369034830985934,0.0,0.7427628112773437,0.1171242212820364,0.0,0.2866290108531267,False
sensor_12_min_10,0.2846919282975804,0.005751749855927313,0.0,0.7787439298388947,0.06496932779812989,0.0,0.2812377525456749,False
sensor_17_max_10,0.24805072097832648,0.0032083243103361954,5.845164135512125,0.6785158764744469,0.03623987117348927,0.12715080865059178,0.280635518766176,True
sensor_12_max_5,0.2700568369751801,0.0011496776537637577,4.035532068318187,0.7387112229121141,0.012986271347073407,0.08778558718387391,0.2798276938143538,True
sensor_20_ewm_10,0.2819281783504377,0.00525053523810372,0.0,0.7711839912491352,0.05930781997559517,0.0,0.2768306037415768,False
sensor_17_max_5,0.2420293066053132,0.0021335850326574687,6.531367798112198,0.6620449497429824,0.024100071950983418,0.14207790882704432,0.27607431017367007,True
sensor_12_mean_10,0.27179822754395433,0.005987009404965537,0.7611487469348505,0.7434746081721771,0.06762671992086858,0.016557392817793205,0.275886240303613,True
sensor_7_min_10,0.29019504492941395,0.0018152050240555905,0.5456730613367502,0.7937971092453594,0.020503786357667756,0.01187011508988751,0.27539033689763825,True
sensor_7_lag_1,0.22137798657304386,0.0007191769896705084,9.570996547898433,0.6055555009045174,0.008123518365219743,0.20819944871414361,0.27395948932796027,True
sensor_13,0.14440931380103494,0.0007241932754868514,18.494742414249856,0.39501603437526006,0.008180180203042061,0.4023191478010103,0.2685051207931041,True
sensor_20_lag_1,0.2027061725165067,0.0005290948369308025,10.585038458636351,0.5544807762273568,0.005976430957168837,0.2302580677651586,0.2635717583165614,True
sensor_21_mean_20,0.28043367495655924,0.0018159195954338292,0.0,0.767095939111282,0.020511857852998888,0.0,0.26253593232142697,False
sensor_20_min_20,0.2578234663923573,0.001277690976447029,2.940212487655506,0.7052481628955862,0.014432255566183081,0.06395892172448135,0.2612131133954169,True
sensor_7_min_5,0.2741411595135279,0.0014423736708052237,0.6351010732461077,0.749883444770536,0.016292441460987055,0.013815457216587822,0.25999711448270363,True
sensor_11_lag_1,0.25930314831187107,0.0008404406418473584,2.660825589438147,0.7092956724958909,0.009493261167952599,0.05788137296603142,0.2588901022099583,True
sensor_11_mean_20,0.27758651310407734,0.0013584130445623726,0.0,0.7593078362902861,0.015344057823808068,0.0,0.2582172980380314,False
sensor_3_mean_5,0.2693124455700353,0.0031542734611058956,0.0,0.7366750208615422,0.0356293356965697,0.0,0.25743478551937066,False
sensor_12_ewm_10,0.27068926280249594,0.0017341534754169228,0.0,0.7404411552535072,0.019588262427741445,0.0,0.2533431392270829,False
sensor_7_max_5,0.270176951685962,0.0012884041162309968,0.0,0.7390397836917086,0.01455326665112352,0.0,0.25119768344761073,False
sensor_12_max_10,0.2700321099690115,0.0008899296293043875,0.0,0.7386435848653593,0.010052267788377834,0.0,0.24956528421791238,False
sensor_14,0.13261163322349678,0.010969962561972291,11.983127563894502,0.3627447571708963,0.12391204615540176,0.2606709280677686,0.24910924379802224,True
sensor_2_min_5,0.26254081686866915,0.002196797751803247,0.0,0.7181519641038543,0.024814096026102222,0.0,0.24765535337665215,False
sensor_20_max_5,0.2533998042238794,0.00083222584363253,1.800438270711599,0.6931477142388219,0.009400470290153092,0.03916522731254242,0.2472378039471725,True
sensor_11_min_20,0.2552059943229481,0.002450664548539612,0.0,0.698088351594422,0.027681667729908,0.0,0.24192333977477665,False
sensor_20_min_10,0.2574544306548501,0.0015553469473796892,0.0,0.7042387056124244,0.017568539695793185,0.0,0.2406024151027392,False
sensor_20_max_10,0.25050541259143255,0.0009591075341053012,0.0,0.6852304194710248,0.010833672071592056,0.0,0.23202136384753894,False
sensor_2_max_5,0.24825230949169974,0.0014048238977781569,0.0,0.6790673000151612,0.015868295144883474,0.0,0.2316451983866816,False
sensor_4,0.24991544759001583,0.0009246946947739848,0.0,0.6836166341191955,0.010444959228547143,0.0,0.23135386444924755,False
sensor_20_min_5,0.24790397299405664,0.0013931020101954359,0.0,0.678114463260347,0.015735889672488002,0.0,0.23128345097761163,False
sensor_15_lag_1,0.21374185134485923,0.0007820276117334634,4.470384875715862,0.5846676801927131,0.008833452345209589,0.0972450112176098,0.23024871458517748,True
sensor_4_lag_1,0.24292993491021342,0.0008138228494331309,0.0,0.6645085209080526,0.009192597870010252,0.0,0.22456703959268762,False
sensor_15,0.22030012111481057,0.0006401531289572006,2.927027450797191,0.6026071167061962,0.00723089833841767,0.0636721054675285,0.22450337350404745,True
sensor_4_lag_3,0.23601063310197157,0.0005671513662538764,0.7218225192070825,0.6455815203635927,0.006406301377542205,0.015701922972834792,0.2225632482379899,True
sensor_12,0.23809570353339526,0.0008088344550042199,0.0,0.6512850046578876,0.009136251081475229,0.0,0.2201404185797876,False
sensor_17_min_5,0.2292440629433401,0.00041560638304558104,1.0207641603301651,0.6270723007015752,0.004694513497880587,0.022204849242638276,0.21799055448069804,True
sensor_12_lag_1,0.23165619545193183,0.0007076155325378406,0.0,0.6336704278780837,0.007992925047170236,0.0,0.21388778430841796,False
sensor_7,0.2259085149989819,0.0006848590607664266,0.0,0.6179482706319892,0.007735877590121616,0.0,0.2085613827407036,False
sensor_17_min_10,0.2268757087366129,0.0002464242492537723,0.0,0.6205939243274148,0.002783503842865785,0.0,0.20779247605676018,False
cycle,0.1606791069746405,0.003623430227490046,5.736121176297602,0.4395202911325364,0.040928731620839834,0.12477877937641892,0.2017426007099317,True
sensor_17_lag_1,0.18988793859709086,0.00026259471450418563,3.5665204551447256,0.5194178859104733,0.002966158562528136,0.07758310107758784,0.19998904851686308,True
sensor_21,0.2109933984590251,0.0006554269261198446,0.0,0.5771495850570677,0.0074034246755217345,0.0,0.19485100324419646,False
sensor_21_lag_1,0.20744536989487394,0.0004556200528226744,0.0,0.5674443372695729,0.0051464909470520055,0.0,0.19086360940554162,False
sensor_20,0.2018373588074247,0.00036582990159015824,0.0,0.5521042304427457,0.004132259467138578,0.0,0.18541216330329477,False
sensor_15_lag_3,0.20007509835349802,0.0005587843983337556,0.0,0.5472837578726345,0.006311791655267239,0.0,0.1845318498426339,False
sensor_17_min_20,0.20050199431620297,0.0003730989587683834,0.0,0.5484514855339602,0.0042143676551552696,0.0,0.18422195106303849,False
sensor_20_lag_3,0.19161547376354093,0.0004797164183149739,0.9555760453204525,0.5241433712184025,0.005418673275495834,0.020786801546161308,0.18344961534668655,True
sensor_21_lag_3,0.19674050698621515,0.00048389005143570943,0.0,0.5381623444160143,0.005465816865728772,0.0,0.18120938709391435,False
cycle_log1p,0.15900592167046312,0.003672647941704231,2.9724208778788186,0.4349434739852592,0.041484674053725856,0.06465955608945101,0.18036256804281203,True
sensor_2_lag_1,0.1922194636004022,0.0005798943961690415,0.0,0.5257955199883123,0.006550241240790354,0.0,0.17744858707636757,False
sensor_17,0.1913874236483446,0.0001808693785462417,0.0,0.5235195648324252,0.0020430238167094797,0.0,0.1751875295497116,False
sensor_2_dev_mean_10,0.005261042033701369,0.0006132490947222764,23.141523037217166,0.014391010566656221,0.00692700177422693,0.5034013244746389,0.17490644560517402,True
sensor_3_lag_1,0.17427711349564623,0.0006612127280574383,1.2499780964844505,0.4767161649301038,0.007468778641197277,0.027190977375282914,0.17045864031552801,True
sensor_3,0.17891330230320146,0.0005599950894930366,0.0,0.48939795718554424,0.006325467109304685,0.0,0.1652411414316163,False
sensor_2_dev_mean_20,0.009997985264891929,0.0008477272130050179,21.072544347956953,0.02734840563345707,0.009575567186455563,0.4583944936446902,0.16510615548820096,True
cycle_sqrt,0.1611620952983206,0.0036325776214425134,0.0,0.4408414533709536,0.041032056704698276,0.0,0.16062450335855064,False
sensor_17_lag_3,0.17284293231927816,0.0002188711155983257,0.0,0.47279311768368376,0.0024722753268200726,0.0,0.15842179767016795,False
sensor_3_lag_3,0.16277445437703375,0.000525198610925018,0.1897441808083144,0.4452518869676379,0.005932420840093848,0.004127536108001433,0.15177061463857772,True
sensor_9,0.11787769884680954,0.008324158155541439,0.020595261881172333,0.3224416757765534,0.0940261613243708,0.00044801209031101606,0.13897194973041174,True
sensor_11_dev_mean_20,0.04080320480378208,0.0014418699511423757,11.896418879469298,0.11161274662379876,0.016286751657237992,0.25878473991529033,0.12889474606544235,True
sensor_7_dev_mean_20,0.024807317422590458,0.0009669299346351269,14.130478392558622,0.06785772949008882,0.010922030591506962,0.30738260082685,0.12872078696948194,True
sensor_16,0.0034056816128278378,6.12900395904883e-05,17.057921613022863,0.009315873122266376,0.0006923063020223796,0.3710637505997482,0.127023976674679,True
sensor_12_dev_mean_5,0.003435932306137035,0.0005097359574752466,14.937117914496504,0.00939862061682594,0.00575776126243996,0.3249295618917752,0.11336198125701369,True
sensor_2_dev_mean_5,0.004583141510614341,0.0006162696315349006,14.458600872591319,0.012536687121149808,0.006961120477442694,0.3145203026441728,0.11133937008092176,True
sensor_5,0.0,8.548615813083358e-06,13.787172124896045,0.0,9.656153986045463e-05,0.2999146036010905,0.10000372171365031,True
sensor_19,0.0012823767674070563,3.6528717328051545e-05,11.532062035501996,0.0035078027303282583,0.000412612903825385,0.2508588260703131,0.08492641390148892,True
sensor_6,0.0022415943227298563,7.509598357154158e-05,11.026067497797435,0.006131638443091188,0.0008482523919141938,0.23985184437564416,0.08227724507021651,True
sensor_4_dev_mean_20,0.0297821964491225,0.0012454273087798388,6.84166931958563,0.08146597215001107,0.014067818855069945,0.14882794842664215,0.08145391314390772,True
sensor_2_diff_1,0.0,0.0005066967506191842,10.497374902558585,0.0,0.005723431670329071,0.22835110813390475,0.07802484660141128,True
sensor_17_dev_mean_20,0.025563311038795833,0.0008239447149452257,6.5265774237150875,0.06992566813217604,0.009306930171458687,0.14197370303158494,0.07373543377840656,True
sensor_20_dev_mean_10,0.004847007689151583,0.0006250092356262872,7.372517943043656,0.013258464468524675,0.007059839339921395,0.16037558510183153,0.060231296303425864,True
sensor_7_diff_1,0.0,0.0004989667568491605,8.005151305157828,0.0,0.005636116937995114,0.17413736179573988,0.059924492911245,True
sensor_12_dev_mean_20,0.03038831450656021,0.0009248476281019074,3.838723922029169,0.08312394243676251,0.01044668669858008,0.08350438748280169,0.05902500553938143,True
sensor_15_dev_mean_5,0.0,0.0006096254745341849,7.037830720678052,0.0,0.006886070896891673,0.15309507937398367,0.05332705009029178,True
sensor_1,0.0017406399123096605,4.377753352160592e-05,7.014514291149061,0.00476133192062114,0.0004944924582608236,0.15258787328007029,0.05261456588631742,True
sensor_11_dev_mean_10,0.008811633364589344,0.000710791749616643,4.673450441760767,0.024103268524940994,0.008028802248668851,0.10166232959107198,0.04459813345489394,True
sensor_12_dev_mean_10,0.012849838299174632,0.0007594794965623244,3.5869147583081378,0.03514934067408416,0.008578758395980544,0.0780267416801397,0.0405849469167348,True
sensor_21_dev_mean_20,0.019835140256923456,0.0007212397508705345,2.0121852278518997,0.05425687747787655,0.008146818441184565,0.04377139340223641,0.0353916964404325,True
sensor_7_dev_mean_10,0.007680422068272907,0.0007256880715808203,3.1816598159292377,0.02100896256537474,0.008197064785969524,0.06921116483088302,0.03280573072740909,True
sensor_15_dev_mean_20,0.01684244898891807,0.0008926256206665285,1.9253305633428086,0.04607069470558168,0.010082720563782758,0.04188202972118741,0.032678481663517285,True
sensor_11_std_5,0.0018536057853528742,0.0008018175205581925,3.8256223588707363,0.005070337828998702,0.009056990764948748,0.08321938704285502,0.03244890521226749,True
sensor_21_diff_1,0.0030010254557679694,0.00043142296309640313,3.8607011026982203,0.008208980040096105,0.004873170880365373,0.08398246067786437,0.03235487053277528,True
sensor_17_std_10,0.01690289964360403,0.0013939117104965408,0.0,0.046236050922995306,0.01574503570379994,0.0,0.02066036220893175,False
sensor_18,0.001649367267005708,4.6952985721214654e-06,2.578492038158914,0.004511665486747062,5.30361020008353e-05,0.0560903577983603,0.020218353129036064,True
sensor_4_diff_1,0.0,0.00044871368623304885,1.8529659349442043,0.0,0.0050684795581538876,0.04030787015863888,0.015125449905597589,True
sensor_4_dev_mean_10,0.012276509961156368,0.0006876824897049824,0.0,0.03358106311277003,0.007767769846359901,0.0,0.013782944319709977,False
sensor_15_dev_mean_10,0.0116629244251929,0.0005370107758092836,0.0,0.03190266634744608,0.006065846046612618,0.0,0.012656170798019567,False
sensor_21_std_5,0.0037818632470263402,0.0007088901596320873,0.7169662867003442,0.010344877231728685,0.008007322694422081,0.015596284555176747,0.011316161493775838,True
sensor_21_dev_mean_10,0.009470593433977603,0.0005623222253999623,0.0,0.02590578241113004,0.00635175344987147,0.0,0.01075251195366717,False
sensor_15_std_10,0.006409307621524141,0.0010804766193428406,0.0,0.017531966693186043,0.012204605801477912,0.0,0.009912190831554651,False
setting_2,0.0035891967949588377,0.0003658912651325287,0.696187504679047,0.009817859023209849,0.0041329526036968395,0.015144280321329712,0.009698363982745468,True
sensor_3_dev_mean_20,0.007993339675450573,0.0005910660274881846,0.0,0.021864914782167497,0.006676431251725077,0.0,0.009513782011297524,False
sensor_17_dev_mean_10,0.006967054922243143,0.000530961344960012,0.0,0.019057624014825827,0.005997514240521743,0.0,0.008351712751782524,False
sensor_2_std_5,0.004108850653227192,0.0010164144296764294,0.0,0.011239315859600533,0.011480986467508803,0.0,0.007573434109036446,False
sensor_20_std_5,0.004550504043568049,0.0008097297221328195,0.0,0.012447410865586109,0.009146363639392701,0.0,0.007197924834992937,False
sensor_12_std_5,0.004318835164565771,0.0007416219143502871,0.0,0.011813705743230032,0.008377046718408145,0.0,0.006730250820546059,False
sensor_4_dev_mean_5,0.004575116105718591,0.0006262145498696698,0.0,0.01251473449543106,0.0070734540585965094,0.0,0.006529396184675857,False
sensor_7_std_5,0.002837520242700897,0.0009993283967638102,0.0,0.007761729241893268,0.011287989883708199,0.0,0.0063499063752004885,False
sensor_4_std_5,0.0030300051641534154,0.0008685402974798929,0.0,0.008288250893079607,0.009810662964542095,0.0,0.006032971285873902,False
sensor_3_dev_mean_10,0.004088891852250365,0.0005380946204684881,0.0,0.01118472072161924,0.006078088696364423,0.0,0.005754269805994555,False
sensor_11_dev_mean_5,0.00405510338774806,0.0005055146075460134,0.0,0.011092296037199516,0.005710078683368768,0.0,0.005600791573522761,False
sensor_7_dev_mean_5,0.0034533246721908384,0.0005846962754257202,0.0,0.009446195550091269,0.006604481233016841,0.0,0.00535022559436937,False
sensor_20_diff_1,0.0027329309286396875,0.00046847544633831124,0.11565905015992832,0.007475636503197686,0.0052917000218921885,0.00251595017943936,0.005094428901509745,True
sensor_12_diff_1,0.003682901369269409,0.00044806671536899104,0.0,0.01007417773543628,0.005061171649570295,0.0,0.005045116461668858,False
sensor_11_diff_1,0.004075052778737431,0.0003494401611290386,0.0,0.011146865435179485,0.003947127907662392,0.0,0.005031331114280626,False
sensor_10,0.005076821221555061,5.098464089905826e-05,0.0,0.013887094491245144,0.0005759008875928969,0.0,0.00482099845961268,False
sensor_3_std_5,0.0016529029914535975,0.0007852920720644397,0.0,0.0045213370779573995,0.008870326305072191,0.0,0.004463887794343197,False
sensor_3_diff_1,0.002803646187719444,0.00049023343329184,0.0,0.007669070433989651,0.00553746901776646,0.0,0.004402179817252037,False
sensor_17_std_5,0.0020742979328896016,0.000658566633496976,0.0,0.005674017291514735,0.007438889478909323,0.0,0.004370968923474686,False
sensor_17_dev_mean_5,0.003097353992583818,0.00039404473256193193,0.0,0.008472476317507922,0.00445096223552913,0.0,0.004307812851012351,False
sensor_21_dev_mean_5,0.0026269326692105466,0.00043593873376278726,0.0,0.007185689747075927,0.004924179111257603,0.0,0.004036622952777843,False
sensor_15_std_5,0.0008834856265342861,0.000853108278452311,0.0,0.0024166792254269034,0.009636349420333154,0.0,0.004017676215253352,False
sensor_20_dev_mean_5,0.0019057569942593222,0.0005205251936605246,0.0,0.005212991811542266,0.005879631900066942,0.0,0.0036975412372030696,False
sensor_17_diff_1,0.002404861776274636,0.00020872687375028646,0.0,0.006578238875876734,0.002357690271767724,0.0,0.0029786430492148193,False
setting_1,0.0,0.0006155037913771277,0.0,0.0,0.0069524698717144135,0.0,0.002317489957238138,False
sensor_15_diff_1,0.0,0.0005175616627907725,0.0,0.0,0.005846157111813002,0.0,0.0019487190372710005,False
sensor_3_dev_mean_5,0.0,0.0004868673087932736,0.0,0.0,0.005499446702569407,0.0,0.001833148900856469,False
